run,sharpe,ann_return,max_drawdown,win_rate,n_trades
1,-0.43715473738096433,-0.1281019123843411,-0.8401362682579538,0.4650943396226415,675
2,-0.6561307939747515,-0.19172260986788037,-0.9574793246265596,0.45642633228840124,721
3,0.038586271488500135,0.011245957496140324,-0.5285477162215781,0.4825196850393701,674
4,0.14775368089593235,0.04343140106214505,-0.6149567320134814,0.47053261897258114,660
5,-0.4154569300969822,-0.12104084595349807,-0.8687984967190513,0.46788413098236775,733
6,-0.13364350915561124,-0.03956728839072732,-0.7511541992752164,0.47412982126058323,684
7,0.20635286226298113,0.06125571843795541,-0.7150162783584322,0.47800125707102453,657
8,-0.4752763550537328,-0.13871475419496704,-0.8697887344210964,0.4671280276816609,689
9,-0.031674823441299814,-0.009341839841635835,-0.5785020291732026,0.47937007874015747,672
10,-0.32331355939450085,-0.09376650544659249,-0.857863211822312,0.4759660697455231,711
11,0.021147728071615628,0.00632057318481527,-0.6832911808551816,0.4791339818010668,665
12,-0.182710331372637,-0.050954407222919995,-0.8262864596966037,0.4693492612386042,735
13,-0.3502766934614548,-0.10303924835643341,-0.8089215268260548,0.46467817896389324,691
14,-0.3731009762266978,-0.10948652509221657,-0.88582131289256,0.4622404027690371,698
15,0.440321945706288,0.1273032181944609,-0.4941781247606427,0.4882038376848065,649
16,0.3332847446215748,0.09760678807833933,-0.6375362300014196,0.4812951901917636,669
17,0.10507684469501853,0.031381075764532085,-0.6926032643302131,0.47632486672938223,681
18,-0.1930022886147699,-0.057375559374846286,-0.7031170085226225,0.45905240037652967,692
19,-0.18339041984841767,-0.05407409078141234,-0.6109924821716056,0.4742462311557789,682
20,-0.5171347706851744,-0.15195724087134277,-0.9056217172819645,0.4669811320754717,687
21,0.09641336447045563,0.02795122297545305,-0.6830556629910973,0.4894687205281358,702
22,-0.3187170105086772,-0.09418205167611637,-0.8369666029673457,0.4781515246777743,699
23,-0.23482637870958228,-0.06775062983581326,-0.8715251143307754,0.46807172066687636,714
24,-0.25782849301863464,-0.07337111673282826,-0.7486539248384387,0.4652624960704181,725
25,0.058066944629613315,0.01710808063309477,-0.5564894428617493,0.4743145288370627,664
26,-0.15697966981350653,-0.046166431941870534,-0.7118871254712411,0.47849293563579276,692
27,-0.25234277676515965,-0.07204925190441647,-0.750843001109778,0.46547394852479596,697
28,-0.44082265284979294,-0.1277501721273797,-0.8693998352381106,0.47077309868007544,695
29,0.5856682253223774,0.17194715644261538,-0.43505127272878985,0.4921580928481807,682
30,-0.2884136371030809,-0.08480678416976895,-0.8061362406007191,0.4688380833072346,691
31,-0.028220229949813474,-0.008309344466509216,-0.6772389663948528,0.48475322225715184,678
32,-0.44607609841310336,-0.1299058309865303,-0.9194513286129968,0.46984924623115576,710
33,-0.3687035849721754,-0.10773671885768477,-0.8533125094965929,0.46492607738282477,706
34,-0.5353259616805534,-0.15417808146566692,-0.9436594183126976,0.46190176322418136,721
35,-0.25368775305892555,-0.07433853779967814,-0.6658151882122957,0.46010722169662566,662
36,-0.20858258969686985,-0.06136566261608556,-0.7823062439273256,0.4724929267525935,678
37,-0.41452463627240577,-0.11943492502832098,-0.8747522567487978,0.4728243795161797,726
38,-0.570185797507726,-0.16400714919758808,-0.9284473555360822,0.47232704402515724,698
39,0.06834669337313279,0.020131267865400426,-0.5992231714112406,0.4896356783919598,661
40,-0.23802543804126142,-0.06950914041288903,-0.7978515060952225,0.4783155248271527,692
41,-0.06532365131738335,-0.018857693822792343,-0.773724765529356,0.46277097078228085,723
42,-0.045058486879898586,-0.013347156085781187,-0.6545884737191481,0.48,656
43,0.3233679992914245,0.09405739210011732,-0.5248575221137735,0.48051539912005026,672
44,0.11641888626717309,0.03438828857315279,-0.6485068461540038,0.48238993710691824,642
45,0.5895832243235666,0.1746723937060708,-0.4148139053480421,0.49010367577756836,656
46,-0.3750343123117079,-0.10895625614693183,-0.7920575892354521,0.4658267716535433,682
47,0.09931869463450863,0.028458924028052612,-0.6887004475525661,0.4753686852839661,720
48,0.31123232987215427,0.09173311053896316,-0.49697297905070437,0.49041784480050266,673
49,-0.5112108912730402,-0.14873013144167324,-0.9340765374821752,0.4684144030322173,664
50,-0.5026145723586841,-0.14709701414592846,-0.9065685324405914,0.47555976032797226,693
51,-0.3184845858437277,-0.09284905319984493,-0.7668106377222973,0.46729559748427674,707
52,-0.5223209450401521,-0.15198204370954804,-0.9115523039643267,0.46277097078228085,700
53,-0.19665798434732376,-0.058043328229239965,-0.7123505231806125,0.4776729559748428,658
54,0.02632705049063431,0.007697124519625342,-0.6044325186820838,0.4762503932054105,696
55,-0.31670360952153814,-0.09260663917520384,-0.81943250936938,0.46949685534591196,694
56,-0.024571541203410062,-0.0070772183861647076,-0.6297564122237109,0.46796482412060303,683
57,-0.3703093090060911,-0.10684809400876305,-0.8566914008805818,0.4659554439912143,712
58,-0.32045865630103737,-0.09377304449753998,-0.8273808273657164,0.46546830652790916,709
59,-0.30370294083910576,-0.08899712293055784,-0.7863869758472186,0.4702549575070821,712
60,-0.2125154010137749,-0.06185581026170894,-0.7197040171658546,0.48224945020420984,692
61,-0.03514974383571663,-0.010385763549740412,-0.7644795714827324,0.4768940584721786,701
62,0.14182073747209425,0.04187026844357966,-0.700788864063872,0.4910292728989613,679
63,-0.45424447538515583,-0.13032570943783395,-0.867408663492049,0.46032745591939545,703
64,-0.014276356439039703,-0.004239102980280407,-0.7226097797217814,0.4836683417085427,671
65,-0.06274212138747588,-0.01837796285537585,-0.707136313240346,0.47492163009404387,682
66,-0.009311088645376409,-0.0027591043403046855,-0.6425709423224417,0.48221592697513377,683
67,0.0011094744042484236,0.00032788168010533525,-0.7026969844022442,0.4699059561128527,672
68,-0.2773560404618825,-0.0816224579419218,-0.7978121332410125,0.48049087476400254,663
69,-0.5757331326535151,-0.16725601723763084,-0.9248839053167067,0.45300220056585977,717
70,-0.10793598898194404,-0.03148159769536274,-0.5984589966562373,0.48696198554822495,700
71,-0.11347915162188932,-0.03322595556781294,-0.7917693002544548,0.4789175582127124,662
72,-0.24266324316256513,-0.07122423214746254,-0.7801894759864533,0.46823899371069183,704
73,0.013154011925131402,0.0038477870103552636,-0.7361956258088322,0.4776589049716803,690
74,0.29835118499660007,0.08784656501893484,-0.49303843492951127,0.49544454916745206,669
75,-0.20713854438627963,-0.05978007693156828,-0.808275571433747,0.46593406593406594,689
76,-0.47185491503720023,-0.13484839417138383,-0.875699338918791,0.4651600753295669,701
77,-0.2762577059163388,-0.08052025880495828,-0.821765282191841,0.47652064292467694,685
78,-0.3246162731815467,-0.09428790782186847,-0.793785259013872,0.46735718769617074,717
79,0.15136093505788425,0.04498974734422312,-0.6078970513683366,0.47566718995290425,665
80,-0.08014275489851752,-0.023251591971468755,-0.6185158304795761,0.48130694313540684,689
81,-0.1501654675573474,-0.04414631617354925,-0.6275966312153713,0.47763074984247006,681
82,-0.25497337392830105,-0.0737328475047001,-0.7728638007417991,0.4726758793969849,709
83,-0.06960939151164738,-0.020375235067203512,-0.6509083146134593,0.475697710881154,677
84,-0.2804962663624373,-0.08189308688561792,-0.7754359006668274,0.47034828992783184,716
85,-0.1265639987242947,-0.03661860686803542,-0.7448583244253215,0.46825895663104966,658
86,-0.3039872316702064,-0.08821243468232687,-0.7495941183305255,0.46207113629209945,685
87,-0.050534708876687,-0.014569550597052228,-0.6865607031657622,0.4725274725274725,706
88,-0.1419333810468495,-0.04120970604704077,-0.6992830519626769,0.4768649669499528,697
89,-0.04168226653758868,-0.012152036941800448,-0.7979028228224176,0.4828454516839786,680
90,-0.20865041336637438,-0.060192963538096333,-0.7539523459726855,0.46547394852479596,738
91,-0.36887783621868314,-0.10672334321830723,-0.9114622459973925,0.473253618628068,679
92,-0.4382845468179363,-0.12679494185621387,-0.92559945846017,0.4770440251572327,713
93,-0.004245681866905051,-0.0012548633161229006,-0.7753999490447016,0.47190656565656564,676
94,-0.037771586833602135,-0.01112994954723856,-0.6347975867741213,0.47060672744419996,681
95,-0.28094827065270706,-0.07958567434689223,-0.7265116988748436,0.46685516808042726,697
96,-0.20484336248578514,-0.05911029628037834,-0.7149897846668885,0.47297297297297297,672
97,0.30844557217370455,0.0900768745134426,-0.46940596188492123,0.4772370486656201,664
98,-0.06792868206159552,-0.020146718840773348,-0.5895325759694537,0.4714016341923319,684
99,0.12692684257537482,0.036940742626184964,-0.620506496259761,0.47785108388312914,666
100,-0.42038789079212535,-0.12356810131471019,-0.8433904397575624,0.4648597541758588,663
101,0.016979240037765877,0.004956216345176845,-0.6693653776439545,0.47635561160151324,665
102,-0.07360382229890713,-0.021317175016035028,-0.6936634690495425,0.47858942065491183,660
103,0.03173622471198809,0.009207874971515873,-0.5445106414569991,0.47878025778057215,708
104,-0.710145782585904,-0.20594767561553928,-0.9545865936979986,0.45434508816120905,722
105,0.2772268453878295,0.08232011759351487,-0.6525663890922401,0.49370277078085645,673
106,-0.3258393965486887,-0.0946180756110091,-0.7497138196559461,0.47058823529411764,687
107,-0.3473222896184361,-0.1010523072395858,-0.8634605299232406,0.460037759597231,709
108,0.1756917081921817,0.05095136961695146,-0.5160494533977983,0.47358490566037736,697
109,-0.5694215863547356,-0.16647198955258458,-0.9287415531080256,0.45317410433689503,699
110,-0.25421448430704663,-0.07355980447381205,-0.822215666352126,0.46744259201006605,679
111,-0.026793071472665155,-0.007755842590448592,-0.6840997536162893,0.4804416403785489,676
112,-0.37935436632546155,-0.1089930844331799,-0.8150981658917522,0.46746306193021064,730
113,0.026144896587534584,0.007524741620653419,-0.5581262805050838,0.4791601378878095,700
114,-0.1783465878368441,-0.05266169010235944,-0.7475338028302277,0.47580138277812695,676
115,0.1075730743275927,0.031199995441617112,-0.6130523752507904,0.48567831287378027,688
116,0.051623681708115536,0.014996489749398378,-0.6486345565047387,0.4793960364894621,677
117,-0.27321438748758986,-0.07816333723119773,-0.7808604976383213,0.46591266101162426,706
118,-0.07924593195242857,-0.02310404505214425,-0.6073720610589343,0.47418136020151136,699
119,-0.22377910486264513,-0.06521480879140984,-0.7344356543006271,0.46429694872601446,703
120,0.020998628619501532,0.0062126035777785305,-0.5762888518195057,0.4724137931034483,646
121,0.14898885051732874,0.04350238779452553,-0.5988884221161002,0.4811439346323067,689
122,-0.10877289514182875,-0.031916677756357426,-0.6478395844190648,0.47130761994355597,696
123,-0.706488634867849,-0.20263161653995432,-0.9516433551442867,0.45457403332285445,723
124,-0.27510585562114304,-0.07967123928389097,-0.776323720865927,0.458856783919598,684
125,-0.12965577269432285,-0.03852190958846069,-0.8427321181944809,0.4670433145009416,674
126,-0.183653615177805,-0.05307403163996949,-0.641538507571358,0.4658052316419792,645
127,0.22822043941800352,0.06726042194513426,-0.4492436989393984,0.4825416797735137,652
128,0.12387300862447682,0.03594086654682682,-0.6538488139525227,0.47206528562460764,697
129,-0.5120255517827044,-0.14647497031973578,-0.8981647981726267,0.4707171938615722,683
130,0.12051226066087604,0.035270279007808325,-0.5782562209858959,0.4746081504702194,680
131,-0.11806249131206957,-0.03486732217962352,-0.6191979608070098,0.4739321608040201,706
132,-0.4150735218797858,-0.12319865738923819,-0.9301863655224354,0.4634760705289673,656
133,0.11326818195810867,0.033226569126979744,-0.6581586148275508,0.47496062992125987,681
134,-0.43151076615106954,-0.1263866359730338,-0.8682869738609997,0.4544311753614079,702
135,-0.5291351670098525,-0.15432969616371406,-0.9002349299865138,0.461272040302267,696
136,-0.17820149459997345,-0.05114557157834421,-0.7619144279085615,0.4690737833594976,690
137,-0.42409561952188407,-0.12379858614424355,-0.8751896638912571,0.4619257394587791,681
138,-0.49792159158267446,-0.1467888373735573,-0.9136661077462525,0.45366006911718504,718
139,-0.08975376181913301,-0.026404393781623292,-0.6978852409125262,0.473253618628068,699
140,-0.14917036263588157,-0.043987759805483195,-0.7760129757000922,0.4696445423089022,673
141,0.2545422146837639,0.07510572442142971,-0.6999012417588203,0.47991211550533586,692
142,0.33062679839888065,0.09706774326915979,-0.652610994471478,0.48834278512917456,676
143,0.13149275445673597,0.03777669690654406,-0.5565243400248562,0.48597541758588086,671
144,-0.121215028073833,-0.035415015297559416,-0.8622269444237942,0.47775323445881984,697
145,-0.20514933886607026,-0.05857290320598085,-0.775472081711475,0.4784794219289978,699
146,0.12437832440150978,0.036575364922882825,-0.6718031048734243,0.4832807570977918,659
147,-0.03295495577517837,-0.0096391359426371,-0.44559451249150783,0.4768940584721786,667
148,-0.1404086639650244,-0.040399569017511516,-0.754100094662617,0.46955430006277465,698
149,-0.2901993613546985,-0.08543302623449511,-0.6916600536171397,0.4811320754716981,658
150,-0.33582560790861055,-0.09768262032281361,-0.8254555603981135,0.4743791260609871,655
151,-0.5041741190780347,-0.14679708113345757,-0.8956309529310624,0.4696826892868363,701
152,0.18958903307309902,0.05525744844517688,-0.6039407675865045,0.4795340050377834,651
153,-0.3325554155740944,-0.09634382250977713,-0.8948897517935902,0.45883092394720304,752
154,-0.041225039355126065,-0.011978997683081638,-0.7079279267752524,0.49181360201511337,691
155,-0.2590252356301561,-0.07556571627450948,-0.7920704953651866,0.4710691823899371,687
156,0.1397397431014265,0.0405978629079502,-0.6089891987823675,0.48382029531888154,667
157,0.013918860471141908,0.004125950805769829,-0.6248606373817721,0.48352682773768435,660
158,-0.017628024944779656,-0.005145192926857667,-0.6009705105016397,0.4681989924433249,696
159,-0.2645031151971815,-0.0771206909215495,-0.842655367786952,0.46773685867170284,695
160,-0.12875973567781848,-0.03747339013876283,-0.8005335990020264,0.4762653253693807,698
161,-0.366182694342775,-0.10783507398326608,-0.8252444699855868,0.4649921507064364,668
162,0.2387928325717268,0.07093628429709065,-0.46049921314539,0.48209798994974873,674
163,-0.434761362018949,-0.12879495969361676,-0.9027901732088531,0.46949685534591196,645
164,-0.38220989208023826,-0.11230609954916959,-0.8291307764898693,0.4641057934508816,692
165,-0.30381159043872324,-0.08728517855765339,-0.8224375798618743,0.4637134778510839,683
166,-0.27947255854163594,-0.08164179964283491,-0.7791709923433463,0.47108736643620364,694
167,0.08758030963472527,0.02557310317043804,-0.6144720102934056,0.4715319282793331,667
168,0.21883415658712602,0.06440464627621223,-0.5278309058694182,0.4894687205281358,630
169,-0.0768002794802334,-0.021940557355918267,-0.6323624005768191,0.4683385579937304,701
170,-0.028614735281469662,-0.008372856634263681,-0.5939464499120662,0.4751884422110553,699
171,0.4143506090284615,0.12149210552346346,-0.5818266751889134,0.4720125786163522,669
172,-0.09461414474999884,-0.028072161634038917,-0.8020756534018836,0.4618524332810047,679
173,0.043454993198130946,0.012581984724246542,-0.693188193091842,0.47940899088337,689
174,0.24430848266125796,0.07148838120215806,-0.6558466402838767,0.48367859384808537,650
175,-0.1223236150086368,-0.035158809934707436,-0.7226353165228541,0.46605908233815213,704
176,-0.23706972949034144,-0.0703461666777403,-0.8000088548107588,0.4585427135678392,655
177,-0.20507526042955074,-0.05970700031202736,-0.722893005627296,0.46898496240601506,693
178,0.012519579619254666,0.0036954483689131123,-0.8269744864191391,0.4758771929824561,702
179,0.5388729830502013,0.15740829365653708,-0.5398362705779942,0.49401386263390046,662
180,-0.04598494748614805,-0.013754225715483015,-0.8431145740158015,0.46949685534591196,670
181,-0.025385081401227326,-0.0073204348911278805,-0.7087714947833648,0.47593582887700536,696
182,-0.02167052086589409,-0.006273674064255941,-0.8364790680124656,0.479874213836478,679
183,-0.3279539725076121,-0.09474525007925327,-0.9271866071583706,0.4847628023876846,695
184,0.05185240981773281,0.015145360246216377,-0.7126326703175015,0.4855254877281309,692
185,-0.33481413609847954,-0.09830249008128666,-0.8298799863121188,0.4666456891126495,695
186,-0.39713945142096047,-0.11400818011518077,-0.8527371136177234,0.4734025810513063,691
187,-0.04541645766231129,-0.012963093260460634,-0.6592743074131471,0.47894406033940917,740
188,-0.23572899779805812,-0.06883118381667497,-0.8510742337442356,0.4679446888749214,711
189,-0.04632708806259997,-0.013621129639091789,-0.5675866780266987,0.47232704402515724,673
190,-0.13113976535032082,-0.03819171947427824,-0.6245117368002492,0.4816211121583412,693
191,-0.18880783395840683,-0.05545332044107343,-0.779523162413034,0.4746616304689959,697
192,-0.5238815901597904,-0.15323122144678147,-0.9216951996085113,0.4619257394587791,714
193,-0.3788184984093815,-0.10902617733011677,-0.8418610515909934,0.4755905511811024,696
194,0.19356629797324176,0.055465409061765,-0.7049726245850569,0.48900062853551224,641
195,0.19024285832322715,0.056186598942760124,-0.6781949630168033,0.47958542713567837,685
196,-0.029653531288017728,-0.008607987327627353,-0.717347576319447,0.46825895663104966,668
197,0.008011048106106507,0.0023510913517952314,-0.7015044498860683,0.4776869893148963,703
198,0.025561166463589198,0.007456357193303953,-0.7665798775188992,0.47973609802073514,688
199,-0.6242440496765043,-0.1802720733322143,-0.9398354954838843,0.4596723377441714,678
200,-0.17404334579278077,-0.05021304286564121,-0.7194168628621807,0.46733668341708545,703
201,-0.24000381032618343,-0.07026605282084886,-0.7760693555297716,0.4820754716981132,684
202,-0.3247829020666934,-0.09276103406185643,-0.8508238879226019,0.46953517587939697,721
203,0.12197487529937726,0.03567812635826417,-0.5251340503679582,0.4776589049716803,695
204,-0.08154094497839341,-0.023703817057117438,-0.6000260243213054,0.4770440251572327,697
205,-0.04200078872314621,-0.012384050011333136,-0.7116501663542394,0.48553459119496856,660
206,-0.10326918961788022,-0.02995987994801219,-0.5810820442003819,0.47454431175361406,682
207,-0.5127944532510978,-0.1475623945702268,-0.9192281876639561,0.4599873976055451,690
208,0.09991799834378755,0.02887980329536055,-0.5170962997689783,0.4751884422110553,711
209,-0.06371362956433715,-0.018697502878734173,-0.6383193134881566,0.47538413295703985,693
210,0.14247664452433487,0.04169590226171316,-0.5171769437483204,0.4778232148474363,717
211,0.5774936600178967,0.16782838262426614,-0.5631635894262759,0.48412448915435397,661
212,-0.18776149184293384,-0.05469466761798525,-0.7954820808885101,0.48662259993704754,729
213,0.08788829669533804,0.025487703717534727,-0.7945503724449323,0.4781652529060635,693
214,0.4885033702928927,0.14217556251058183,-0.36167674845233333,0.48740554156171284,690
215,0.3201114920165129,0.09475161689074207,-0.5629636922611563,0.4888259364180044,655
216,-0.05979006702453252,-0.017567649978091793,-0.7384235108208097,0.4719949653870359,674
217,-0.29493946885619365,-0.08624281993835958,-0.7889506105428505,0.4655984919886899,704
218,-0.010653496335490781,-0.0031515661841574616,-0.6537288986154901,0.48693736229146994,659
219,0.2206301932589168,0.06526740571546608,-0.5271437612201821,0.474693492612386,709
220,-0.053457962666767604,-0.01570099535990277,-0.7671231427779726,0.47780925401322,705
221,-0.1519454944154036,-0.044407527093413,-0.8083292350496855,0.4700693131695022,678
222,-0.37629091658909236,-0.11055802793807845,-0.8750250010201346,0.4679245283018868,706
223,-0.16086779267429022,-0.04660236679028151,-0.7036914963487799,0.4742462311557789,706
224,-0.2141739543003729,-0.062336024809486745,-0.7413905847677769,0.4685929648241206,675
225,0.29284743283228337,0.08513663654531656,-0.5136018722686054,0.4784523435042466,714
226,0.018771035572052064,0.005492542198655359,-0.6000553004259426,0.4748427672955975,661
227,-0.17187694892410374,-0.04983164429907061,-0.6914124148895782,0.471608832807571,671
228,0.13881359266268142,0.040866384085097796,-0.5997093093440922,0.47924528301886793,666
229,-0.5845160838451691,-0.1690830262818327,-0.9317943028761156,0.4651381909547739,698
230,-0.07605243775319234,-0.021920516153697278,-0.6705900723634238,0.4792191435768262,678
231,-0.11379614938593992,-0.03329502733542977,-0.7460408937774485,0.48333333333333334,635
232,0.32866400607283175,0.09720749437964415,-0.47346788309295995,0.48636790974616106,671
233,-0.49299123110347887,-0.14300472569045197,-0.938193170718866,0.4611041405269762,707
234,-0.07877529336905001,-0.023113319917000275,-0.7520372272322422,0.46255506607929514,685
235,-0.526515250878909,-0.15185329307657336,-0.909653655127537,0.46361355081555833,687
236,0.44528394477187366,0.1313049063270102,-0.5700117797231905,0.48601947847942195,666
237,0.09717094171076521,0.02867303190150383,-0.6877692503782018,0.4747634069400631,636
238,0.03532476713683444,0.010059588093250138,-0.6818399242373594,0.48201892744479496,712
239,-0.3853795322430117,-0.11431405430030583,-0.9115270198368856,0.4722921914357683,704
240,-0.14221850426322688,-0.04211897531516573,-0.7840332925071266,0.4728363866077069,666
241,-0.33651150050518874,-0.09705581716648715,-0.7708321579042743,0.48217103187125276,716
242,-0.29649068419782354,-0.08598230293062603,-0.7658767188897577,0.47580138277812695,683
243,-0.3180941286488335,-0.09404407791913971,-0.8509259101325,0.46748350612629597,676
244,0.12127083198436733,0.03566390815685483,-0.6316378638767117,0.47674418604651164,651
245,-0.10508706257881212,-0.030971708193436753,-0.5008316848788091,0.4704588309239472,661
246,0.1536573889617502,0.04513264779316595,-0.6133360383772753,0.48475322225715184,666
247,-0.4224047868217075,-0.1241018749289835,-0.8555426070095149,0.4666666666666667,687
248,-0.47964518033872183,-0.14121003891186756,-0.9040150313335563,0.4655388471177945,682
249,-0.38345521388902243,-0.11250032308248314,-0.8322731179019112,0.46771653543307085,724
250,0.37653978218131856,0.11108865616904073,-0.690059116058825,0.4820415879017013,672
251,-0.4522171448162932,-0.13124110877747974,-0.8901662751995467,0.46547394852479596,719
252,0.23949432033800713,0.0713224328583626,-0.5275550607023952,0.4810404261986838,653
253,-0.33096176494677704,-0.09682409396338532,-0.7702979823692621,0.46352201257861636,684
254,-0.47792342343036814,-0.14038425696128398,-0.9027843798354901,0.4658267716535433,689
255,-0.10435132957278154,-0.030474754097920997,-0.7711836214720498,0.47134760705289674,672
256,-0.10815341277641084,-0.03158261264156059,-0.691621122359416,0.4703668861712135,694
257,-0.24660525904316963,-0.07161590391358341,-0.7730100304010458,0.4692404268675455,685
258,-0.19241346493589007,-0.05610530410391201,-0.6978023826266624,0.47882020709130846,697
259,-0.015873156111467834,-0.00466241018863589,-0.6899550742898825,0.46788413098236775,651
260,-0.15922727061386605,-0.04618602327907129,-0.7949092678455745,0.47671491504090624,659
261,0.5008845000490708,0.14934439142340472,-0.38702862948160843,0.48462986198243413,657
262,0.15920152260146694,0.046550654563091376,-0.576305465453475,0.46995910663730733,685
263,-1.038964958023312,-0.30195444742056354,-0.9927237579604526,0.45660377358490567,683
264,-0.3298717859736887,-0.09694168396279446,-0.8527279585449213,0.4720125786163522,658
265,-0.29167157143329775,-0.08480948685873546,-0.8592567284841143,0.4616840113528855,695
266,-0.28040809976147113,-0.08138959238136467,-0.8508410081683973,0.46497015394282126,701
267,-0.35621110098397957,-0.1039405625264408,-0.839600158758966,0.4670242978857684,682
268,-0.6531918876866131,-0.18861380332200395,-0.9510999159617319,0.4666456891126495,737
269,0.07677072514337821,0.022101877987037888,-0.7083799667675696,0.4825196850393701,699
270,-0.6742297321520211,-0.19703829420213514,-0.9495068092097028,0.4467483506126296,714
271,-0.21286624491482203,-0.06146680439525498,-0.7201258846380172,0.4854277655907239,682
272,-0.41145987233884795,-0.12147686501222965,-0.8631105255590126,0.46746306193021064,691
273,0.1476957423572045,0.04359632074909836,-0.6876488701432686,0.49152010050251255,663
274,-0.4772238731646665,-0.1415553141148198,-0.9543092777078874,0.4552614996849401,703
275,-0.14981419919632258,-0.04399644055153873,-0.8684888340314543,0.47499213589178985,699
276,-0.5194301648886732,-0.15126589158037917,-0.917300904409847,0.45234350424661846,711
277,-0.44459641124152444,-0.12929648420430906,-0.839436372524998,0.46842601319509897,701
278,0.3822351436808326,0.11313554413992577,-0.5589635801268243,0.489789506754634,662
279,-0.08178482661350622,-0.023802914501135697,-0.7311015859246728,0.47034828992783184,696
280,0.4252926454532979,0.12783383015253058,-0.6732543050958204,0.4882038376848065,621
281,-0.0870532391183027,-0.025530724651539605,-0.9107619506876761,0.47593582887700536,711
282,-0.39893244526612215,-0.11443106349369492,-0.8914776328213652,0.4675039246467818,711
283,-0.29108585111370566,-0.08490652527002951,-0.8139328374061746,0.47735849056603774,679
284,-0.49068398423875437,-0.14197741621141602,-0.9256738375331972,0.461877756773787,696
285,-0.1320317291509429,-0.03835081507092386,-0.7003630510455705,0.4715677034244424,671
286,0.0027035294338714684,0.0007956336031320621,-0.712473447921209,0.48187834856602585,671
287,0.036690198123552155,0.010726256238047682,-0.642446000486679,0.47912087912087914,710
288,-0.0925998357001906,-0.027146612105164447,-0.7159402168390108,0.4638137193203272,678
289,0.015688984233672196,0.004592223268929052,-0.46061471350268,0.48170347003154573,686
290,-0.05478762901354586,-0.01590810594833314,-0.6020004006125518,0.47333543704638686,654
291,-0.24092115411434994,-0.06972071283574444,-0.8184966613677899,0.46664578766050735,710
292,-0.016604432810677996,-0.00491835002401142,-0.7260396554220057,0.483596214511041,694
293,-0.2615159290596765,-0.07616376636374633,-0.9032792875170154,0.47244094488188976,696
294,-0.11253284896581545,-0.03305729779154554,-0.5906513525089718,0.4764002517306482,689
295,-0.02951971103920755,-0.008615863818850156,-0.6291292207967512,0.4669395465994962,692
296,-0.23764119053171198,-0.06935221776821887,-0.7286210888038727,0.4756212645486002,714
297,-0.5705814436189084,-0.16435442664208744,-0.9352506625498511,0.4624568017593465,713
298,-0.34038966619093514,-0.09720198329406093,-0.8887010726357647,0.4736346516007533,706
299,-0.31836246957115055,-0.09324781193673914,-0.8232774975199417,0.4737833594976452,705
300,-0.10724199871118807,-0.03043992346462976,-0.836111555186482,0.4804013797428661,699
301,-0.34572239438378033,-0.09944213038246263,-0.812228596557878,0.4647577092511013,717
302,-0.1432866826515945,-0.04119781591546279,-0.741667759762133,0.46983029541169075,710
303,-0.24480137985552808,-0.07083163957316596,-0.8234171237937178,0.4610552763819096,697
304,0.010384984495842265,0.0030489428550359854,-0.6513019081662699,0.47452830188679246,670
305,0.09152081622930405,0.027209410013624424,-0.6506148847647195,0.4836990595611285,690
306,0.049385193500113445,0.014325864215305906,-0.6266604913935143,0.4880578252671276,715
307,-0.059416499548648354,-0.017536415183696752,-0.6974174585988697,0.47641509433962265,674
308,-0.28790158203793115,-0.0840895663204122,-0.7333852138390844,0.4837488166614074,678
309,-0.2712561832443492,-0.07936912279150743,-0.7237592736985522,0.4795340050377834,689
310,-0.017343651120996707,-0.005109521852396992,-0.5738244323714101,0.47830188679245284,662
311,0.5806600426057852,0.17112248737796887,-0.5286780458082462,0.4863164517143756,661
312,0.3633739251374906,0.10597014050762033,-0.7236462302437362,0.48724409448818895,658
313,-0.24568459737702344,-0.07136593126058033,-0.7122296499749438,0.46966362779000315,667
314,0.1464961147930836,0.043358033394407025,-0.5788662688584945,0.4804785894206549,681
315,-0.05402142138503461,-0.015865908550361518,-0.5862731107619827,0.47641509433962265,668
316,0.1460031517305541,0.04332201990254614,-0.5347819419271969,0.4753995612660608,670
317,-0.3913871949923881,-0.11327113609977468,-0.8565463930160699,0.4684458398744113,719
318,-0.037775213159566626,-0.011053816408904238,-0.7293537408224398,0.47670025188916876,680
319,0.2887015489394794,0.08486719582967606,-0.44942574646950184,0.4932453660069117,647
320,-0.03258768568751818,-0.009519447360759714,-0.6597893629241589,0.46354494028912635,677
321,-0.1711353230495892,-0.05031835682938535,-0.7997322123755821,0.4817953546767106,694
322,0.05411988793314395,0.015883788265485865,-0.5844407098954951,0.4869455803711859,680
323,0.3016998581373722,0.0896619172400992,-0.62880723411103,0.48190116462071136,660
324,0.26006273936199503,0.07501475095276766,-0.4671579074038089,0.47940899088337,719
325,0.3470715274056419,0.10196913231484883,-0.6668456600920529,0.48897290485192185,640
326,-0.38725732912047534,-0.11261931836899508,-0.9230072981601815,0.46842601319509897,671
327,0.3414046668955813,0.09928002607159359,-0.567143662449584,0.4868255959849435,686
328,-0.4355742356297962,-0.12867472962489523,-0.837108163920583,0.473138548539114,696
329,-0.1683295476863997,-0.04891916791945072,-0.6547592486938478,0.4761456371625863,698
330,0.21368959520349468,0.062274929650984134,-0.5167837631260814,0.48193528118127554,690
331,-0.15678138542977793,-0.04591872410576081,-0.8866172059204805,0.47207320921426316,703
332,-0.4811031835191312,-0.13937432387318593,-0.9011914624630526,0.4701820464532329,701
333,-0.02370605717712968,-0.00702815572464166,-0.5600488571224682,0.4800125904941769,662
334,-0.16922295298015058,-0.04903218709555213,-0.6506969745360116,0.46955430006277465,712
335,-0.577800721216644,-0.16643961373205607,-0.9531349801304724,0.45897516504243946,709
336,-0.02226245409488294,-0.0063964750244842605,-0.7302787003761997,0.4825416797735137,697
337,-0.20742086351122951,-0.06178385426818833,-0.8134657620760919,0.4724929267525935,664
338,-0.27485277443259387,-0.08009498801447568,-0.8601778759120337,0.472458293988039,698
339,-0.3874221570712352,-0.11179550155524842,-0.8971310866608463,0.4624331971078277,721
340,0.08990210179627436,0.026280473599854304,-0.5226714007637833,0.4807813484562067,704
341,-0.40000505154205096,-0.11608852104336242,-0.8747004292981699,0.4650063051702396,685
342,-0.29581128171444926,-0.08596216015864755,-0.7317263172549713,0.4756519007225887,662
343,-0.6745297467685913,-0.19306609206432257,-0.942170124065299,0.4513692162417375,733
344,-0.2975101630557954,-0.08553404622314731,-0.7893645354235402,0.4713656387665198,688
345,-0.11922681811749887,-0.03500611038593893,-0.665726164472346,0.47574039067422813,692
346,-0.018559119500960453,-0.005448470026962693,-0.7711168390004766,0.4740810556079171,677
347,-0.4939817264224846,-0.14419842127643512,-0.8939649670615419,0.4665829934107311,702
348,-0.2244792066335265,-0.06590927960200699,-0.7571027130185639,0.47221350078492935,722
349,-0.21548051012071673,-0.06330489160052866,-0.8024025011629422,0.47545626179987416,665
350,-0.0494393890546247,-0.014462512949908635,-0.5646854687492102,0.4704040087691826,699
351,-0.17325547311892092,-0.05064634774399257,-0.6057059139141783,0.46999685830977067,691
352,-0.12659946963136204,-0.03666270783512393,-0.6380335748983026,0.4714375392341494,698
353,0.01674257877808761,0.004902624060415306,-0.46971774012701617,0.47720842502357746,671
354,0.16309662252468754,0.047059055381359016,-0.6499761641249575,0.4872037914691943,700
355,-0.08413887247081693,-0.02486140426585781,-0.7761796774044429,0.4740973312401884,682
356,-0.29698501658387066,-0.08674501630220355,-0.8075369683365581,0.47232704402515724,696
357,0.022221169360370416,0.006514955336989425,-0.6041289020373426,0.4781515246777743,680
358,-0.2720251096583497,-0.07965759759082769,-0.9045338467933887,0.4719699342311306,709
359,0.02356753718525842,0.00684343192371939,-0.6310346062893448,0.4768795218622208,699
360,0.3905672206778292,0.1145084909445222,-0.49117046924082786,0.4874450721908349,680
361,0.160663484695515,0.04690715580232485,-0.5527055012697051,0.4853450992751339,706
362,0.03147579860803262,0.009182907933912743,-0.7388381115831896,0.479874213836478,659
363,-0.1410065048584652,-0.04096841522694672,-0.8784829721315107,0.4703656998738966,703
364,-0.18678960172612266,-0.05454229690492418,-0.8277126931005085,0.46591266101162426,731
365,-0.06890725041035978,-0.020065171277455218,-0.676617035230154,0.48190116462071136,672
366,-0.16278931138883299,-0.047882005417811735,-0.728357006519539,0.4684940138626339,688
367,-0.46198107841780345,-0.13196975081083162,-0.9112242549746641,0.4585304320403658,700
368,-0.20178617026352408,-0.05928867021579587,-0.7399978328237053,0.49011609664261063,676
369,-0.18776280572521492,-0.05565944831052139,-0.7460542750524912,0.4771797293043752,665
370,-0.3298941974076001,-0.09651771278057553,-0.7434221390214708,0.45400313971742545,683
371,-0.013473277750740476,-0.0038955089499731477,-0.5684613268074239,0.48358585858585856,686
372,-0.2666466444271025,-0.07777916394931461,-0.7470867316934026,0.4746136865342163,706
373,0.11236799550950977,0.03336671401490121,-0.6457461238561881,0.4827478042659975,671
374,-0.2812005928105353,-0.08341846872266112,-0.7963990230368048,0.46528432296575556,674
375,0.07391935163736808,0.021722456982041116,-0.6180579248683897,0.4880352644836272,650
376,-0.24631492071963626,-0.0730021931208168,-0.8105437600518846,0.46987199500468313,701
377,0.2155457686150121,0.06384831363853305,-0.43254860927812655,0.48914753067002203,689
378,-0.6594520774178803,-0.1885784124362886,-0.9388962604776716,0.45368620037807184,707
379,-0.330379183643826,-0.09658328171373065,-0.8404702097358859,0.47303689687795647,700
380,-0.07471069381356843,-0.02207735857935167,-0.8210555496468438,0.4681989924433249,695
381,-0.04473833788497654,-0.01311783553769752,-0.7481263030353964,0.47902869757174393,685
382,-0.6289903701726572,-0.18133477819266342,-0.9505728100743411,0.45274725274725275,714
383,0.4081298243886779,0.1214025058953403,-0.5926350546692394,0.49150409062303335,628
384,-0.06845304010821518,-0.019918360287051406,-0.617679962393975,0.4775510204081633,671
385,0.38314738207731697,0.11294177458316312,-0.4927841387778322,0.48585795097423007,694
386,-0.3511279008768324,-0.10322343336584994,-0.8846681800448983,0.47660910518053373,682
387,0.20688529701532737,0.061177436139296715,-0.5812341117264084,0.48551637279596976,663
388,0.04096036242556125,0.011957676410512708,-0.6047292726802275,0.48020113136392206,697
389,0.2306161375150558,0.06864596504025267,-0.5694145096360839,0.47942192899780084,633
390,0.062219767542083484,0.017980025069223915,-0.5888262930124853,0.4794606459705237,706
391,-0.06896846130351085,-0.020040130919824706,-0.5736344558046762,0.47590551181102364,669
392,-0.5813833138630502,-0.1697895007980108,-0.9194285227229747,0.4684458398744113,734
393,-0.38716887995503685,-0.11336068127442667,-0.8445323977722217,0.46366782006920415,687
394,-0.4989226853598833,-0.14294728780742183,-0.9251889098527526,0.462822936357908,701
395,-0.0669381132997254,-0.019576027612435043,-0.7940954903749535,0.4824120603015075,684
396,-0.07114083568395597,-0.020694358802160306,-0.7130983924440597,0.4715140069247718,692
397,0.20626814243641903,0.060906693550709656,-0.6562719667420855,0.47674418604651164,684
398,-0.19220911299100954,-0.055893096814534804,-0.802950861568937,0.4679446888749214,695
399,-0.19764075509265633,-0.057802262246188896,-0.8128038598066587,0.47260705289672544,681
400,-0.09218976739982919,-0.02663245687368876,-0.8253961784170423,0.47628023876845743,652
401,-0.5310257246648905,-0.15360715954622528,-0.9196472016908334,0.455942301661963,693
402,-0.6073211363763007,-0.17528403131434,-0.9334298112392794,0.47053261897258114,698
403,0.1409449824066758,0.04103115170048177,-0.722971536499469,0.4774294670846395,708
404,-0.16116263067617764,-0.04666149173609613,-0.8394561495252078,0.4745762711864407,681
405,-0.2747959879668114,-0.07990254320844936,-0.8497869448061264,0.4795725958516656,680
406,-0.19790722423129684,-0.056775468389711925,-0.7220847970799558,0.4751884422110553,676
407,0.08959292304107132,0.025786363238647025,-0.6502290145497549,0.4690851735015773,700
408,0.3577982405294556,0.1057666605745815,-0.661903281583432,0.4820754716981132,663
409,-0.5896423895162216,-0.1708641779394463,-0.9314231698384187,0.4530264817150063,712
410,-0.41858815829207985,-0.1215457036406592,-0.8811688357882961,0.45160276555625395,711
411,-0.10087324456543965,-0.028975793362351898,-0.7095744600443465,0.47574039067422813,669
412,-0.3856249668722328,-0.11501629028177274,-0.8987882146754997,0.4719419924337957,655
413,0.03902644587651168,0.011459698734966661,-0.7732827333749459,0.4770295783511643,665
414,-0.04707763405820188,-0.013676604928853475,-0.7646271833852888,0.47464566929133856,708
415,0.11215320832755464,0.03290741704295308,-0.7219040632356301,0.47613065326633164,697
416,-0.0835754467900578,-0.024530825149028712,-0.707623102839884,0.4825416797735137,659
417,0.17705814933111821,0.05256446802018999,-0.5803146908076251,0.48312835067801957,683
418,-0.03841905335705945,-0.011315886336401237,-0.814712285687514,0.46141781681304894,700
419,0.013179748335883798,0.0038457753025797903,-0.5919496341014172,0.4817495280050346,659
420,-0.45378717328648804,-0.13245645622207636,-0.8648544698526532,0.4651600753295669,671
421,-0.03800125296684136,-0.010987921846385529,-0.7404818019676769,0.4566582914572864,716
422,0.09214167776440929,0.026725864989734838,-0.6540880389121155,0.4743468681145735,666
423,0.022380836907233494,0.006655330690964689,-0.6148479126462334,0.47917319135609143,675
424,0.020670711358491734,0.006091495160437832,-0.5989966504638815,0.47613065326633164,685
425,-0.01273844333922801,-0.003732912913713915,-0.5833762214523763,0.47958542713567837,678
426,-0.23473559977659392,-0.06870918268380466,-0.8034427833626296,0.4725447128961406,701
427,0.15981150463143662,0.04740519848190705,-0.793593505124889,0.4759509588179818,665
428,-0.1271160740531686,-0.037191409770518824,-0.6265869341679997,0.48020113136392206,684
429,-0.6282877294468335,-0.17992942859211947,-0.9404509257990195,0.4624605678233438,709
430,-0.06335245476232823,-0.018666521326610397,-0.7407453434084715,0.4700693131695022,676
431,0.11673573477038082,0.03419729891111012,-0.7327019257317267,0.47423004399748586,702
432,-0.4125449389483405,-0.11977125664766586,-0.9365810473232838,0.4649921507064364,699
433,-0.038297825680709566,-0.011069773702782948,-0.6337136745970351,0.4806542938030827,681
434,0.2238412389287126,0.0649933579619224,-0.5546202225412749,0.4825636192271442,686
435,0.004337390595193793,0.0012494606977919709,-0.7727459008385973,0.48407442447177546,703
436,0.15579528006152946,0.044801958078790394,-0.6043076967391029,0.4886934673366834,719
437,0.16512806124725504,0.048433334940668704,-0.5949341598518618,0.4817495280050346,658
438,0.001363703295685535,0.00039780193303351474,-0.5685864320884588,0.4748585795097423,699
439,-0.17720656193815348,-0.0521389244845869,-0.8346209090118595,0.4782471626733922,687
440,-0.13665784394088876,-0.039487649970360916,-0.615407886899944,0.47849293563579276,671
441,0.1691174046418676,0.049379270940481,-0.6712408110766959,0.48221592697513377,674
442,0.033688424399314465,0.009885239578356853,-0.5572076650079401,0.4776729559748428,666
443,0.2886408715152262,0.08418114368289609,-0.6377469055152233,0.49010367577756836,708
444,-0.2677346079155276,-0.07704767321776762,-0.8345279004619901,0.46809179503300846,682
445,-0.21481616068713588,-0.06280803175525307,-0.7752343176517803,0.4757556675062972,674
446,0.06923467638492758,0.020020586020363718,-0.6093796977495554,0.4824865888292837,675
447,-0.2596631318544298,-0.07441018233425467,-0.78663260994281,0.47906830343090967,708
448,-0.23424315674838292,-0.06746379148023596,-0.8242543937438837,0.4688287153652393,694
449,0.15952719296941462,0.046503007306769595,-0.5312404467418895,0.4759962347034829,656
450,0.49505810119642407,0.1458925568001206,-0.5015033990116795,0.49072618673373153,677
451,-0.35595404001766484,-0.10282949575642608,-0.8730315458238377,0.48094488188976375,679
452,-0.14264779811355363,-0.04097770148724478,-0.5799672397462923,0.4751572327044025,691
453,0.15068579264868007,0.04427719493358917,-0.6533738641789382,0.4742138364779874,701
454,-0.4515116343515416,-0.13134839576141677,-0.8923578999385404,0.4542596667714555,706
455,0.13802374146628255,0.04058451978938793,-0.5785942102839775,0.4817953546767106,690
456,-0.49284124303361865,-0.14169880484677877,-0.8805870048808854,0.4538582677165354,701
457,-0.06221850885092685,-0.017998506579223306,-0.7095289442886275,0.47533773169965443,688
458,-0.36776271081690937,-0.10599505374367424,-0.8365837536711362,0.4633228840125392,729
459,-0.5442226044501107,-0.1595899633433432,-0.9224643786503475,0.4631083202511774,710
460,-0.045601344975840806,-0.013444101794618857,-0.6644595112790361,0.472196041470311,699
461,-0.17673528043068612,-0.051316961382611326,-0.7828742587627899,0.4674185463659148,728
462,0.26802761419129567,0.0790364947992983,-0.5862742567978141,0.48033972947467757,659
463,-0.08086196530477298,-0.023815183409878538,-0.5670864758504692,0.4882038376848065,677
464,-0.21459121523481067,-0.0626876741022131,-0.8429819658013924,0.4662055957246149,702
465,-0.11257466296794273,-0.0329186840848944,-0.7505010636294334,0.46511627906976744,681
466,0.0003999673877761532,0.00011731274654125379,-0.6613131340701661,0.47813777917584144,656
467,-0.1945793095622704,-0.056192658004608154,-0.8099795033078043,0.4751415984896161,690
468,-0.20868143172299414,-0.06094653510215675,-0.6757620835351508,0.4784523435042466,727
469,-0.5474319358879323,-0.15738383837833902,-0.9453745548867021,0.4594594594594595,712
470,-0.07802265658997964,-0.022738896204153147,-0.7297760788740195,0.4847436300723498,683
471,0.05913611758022518,0.01705551720977838,-0.6901208429790086,0.4854889589905363,669
472,-0.19506981526897937,-0.058024549909866274,-0.6268690105299939,0.4732058915700407,680
473,-0.6367180438876368,-0.1858397084347302,-0.956090499336024,0.46731615336266497,684
474,0.02024187816241016,0.006000637447280965,-0.7869906621227192,0.4830827067669173,705
475,-0.47273066786886614,-0.1347465503913765,-0.8646890170870292,0.4605717876217405,683
476,0.07534548173746022,0.02204829271254738,-0.5340724926834808,0.4902638190954774,672
477,-0.3059578351382351,-0.08956517147326681,-0.8321651338975163,0.46532789457169754,673
478,0.2335383806583491,0.06852161065360662,-0.6464541496674041,0.4745603015075377,642
479,-0.3515782095065402,-0.10366090554468,-0.879938020392328,0.46861268047708726,690
480,0.26567516083616183,0.07848426710730205,-0.5863192068219976,0.4817495280050346,651
481,0.11268748022386534,0.033102894131280314,-0.7093113222723948,0.47813777917584144,693
482,-0.1667276388388609,-0.04838164498221953,-0.8409247435772754,0.46817895400126025,664
483,0.007218466615187041,0.002128740725994005,-0.6112791831958122,0.4773727215587681,671
484,-0.3263826816264632,-0.09549168227619664,-0.7658148709204622,0.4675896790434235,684
485,0.07366622823852811,0.021655945464480464,-0.510497553923867,0.4793960364894621,655
486,-0.2800816462695956,-0.08138364063997383,-0.8738610453929094,0.47592067988668557,661
487,0.2150312882403654,0.06293274476367894,-0.6725337298103234,0.4882038376848065,690
488,0.3093894229304528,0.08979937921408876,-0.7038827086922638,0.48049087476400254,666
489,-0.2685682907260049,-0.0775557943845242,-0.8538475815234928,0.46746306193021064,693
490,-0.14404270733883748,-0.0409817636447396,-0.7068410755245329,0.46771653543307085,713
491,0.20296377273958227,0.05989412569919583,-0.6650958894804917,0.48072704481353806,658
492,-0.2837898137058324,-0.08279391316729112,-0.8562370765434208,0.46731615336266497,694
493,0.29923518106324937,0.08749195731048975,-0.5352587592114662,0.4839521711768408,684
494,-0.21867877664999977,-0.06376965205999574,-0.7819184138651407,0.480213567839196,682
495,-0.5941247841082011,-0.17272583325381108,-0.9430610029484504,0.46608040201005024,721
496,-0.3968545739664433,-0.11558077377359877,-0.8717775347389359,0.4636220472440945,693
497,-0.033540798632497586,-0.009935438924565387,-0.6143268037526216,0.47879359095193214,693
498,-0.4136715619661246,-0.12186107211194064,-0.8983394954620137,0.45843828715365237,700
499,0.0031573247641518117,0.0009153129224979129,-0.6912521713228688,0.47181102362204724,669
500,0.24326004721503344,0.07168780671289454,-0.48634666827523265,0.4849056603773585,671
501,-0.2363795342662565,-0.06766432528580724,-0.9039756538350149,0.4850675888085508,685
502,0.033335271275135116,0.009667769585685049,-0.6004384494995306,0.4692913385826772,664
503,-0.1950931712478441,-0.057245356627002586,-0.8042695319121143,0.48754336171554713,667
504,-0.18979626937077826,-0.05573165064668173,-0.6392676072360133,0.4592220828105395,693
505,-0.18503553714101384,-0.05472179485058026,-0.8068548645600095,0.4698681732580038,683
506,-0.552376247717219,-0.159063384169844,-0.9124008730149311,0.4684458398744113,729
507,-0.397925623225592,-0.11325351521780891,-0.8429740254166882,0.4595103578154426,737
508,-0.12465210285672457,-0.036614413401238166,-0.6632015100733082,0.47563659226658284,677
509,0.11149440539596647,0.0327757252448031,-0.6036679107277516,0.4840944881889764,659
510,-0.38790242403953956,-0.11319400176066297,-0.7945705055902529,0.4658482845451684,710
511,-0.27402463504862196,-0.08018905105845342,-0.7402808526732085,0.47533773169965443,694
512,0.020788225783009658,0.005990750597187011,-0.8072581360830352,0.48128342245989303,702
513,-0.15633775219363608,-0.04618446870801052,-0.6964922449249117,0.4623588456712672,700
514,-0.35399629418011896,-0.1045261022866184,-0.8219026279524269,0.4605717876217405,684
515,0.20125600983312142,0.05852547793530549,-0.5173457384240349,0.4877358490566038,690
516,-0.25559903102164083,-0.0752256855069352,-0.8211672981099514,0.4662480376766091,684
517,0.37216197238523746,0.10806463479153816,-0.4358501444504975,0.4908227848101266,626
518,-0.10565666887439919,-0.03090918868321102,-0.8608069056701786,0.46544651309561375,677
519,0.06613721676941574,0.019222621907191373,-0.776960494084146,0.48930817610062893,713
520,-0.2837095612281233,-0.08248613551556183,-0.8185097056129791,0.4721785602011946,691
521,-0.4459077296932778,-0.13147043879468556,-0.877012662051347,0.46385920804525455,696
522,-0.2831559871639785,-0.08230288620797399,-0.878173155589476,0.4639823843976093,711
523,-0.558552657210045,-0.16413114069602885,-0.9211202347844428,0.4599434495758718,729
524,0.1111299105585957,0.032233593777566405,-0.5927839653900759,0.47902869757174393,642
525,-0.07668673739465184,-0.0225877712067023,-0.7645643318177491,0.47857592942659105,624
526,0.03475596356653611,0.01020883067229228,-0.6202641494414398,0.4749763928234183,670
527,-0.36856924364040894,-0.10666520769969001,-0.828589749173755,0.4710509754562618,697
528,0.012700436966394541,0.003683162683885577,-0.6299900718234015,0.47168030207677786,684
529,-0.4961429275887474,-0.1454712825712754,-0.8946805664691635,0.48127163991186656,688
530,0.13946108508824417,0.0414854429715108,-0.577192303102372,0.47711598746081507,645
531,-0.019019942836099375,-0.005465418919410325,-0.6778706114951594,0.46633102580239144,702
532,-0.3108870842127708,-0.09311519916892774,-0.8546032119513133,0.4724235739048219,665
533,-0.2067231040918606,-0.06044085504957375,-0.8940660162782127,0.4770151133501259,677
534,-0.28378179631586226,-0.08329737688485928,-0.767403425438597,0.46463376296762027,691
535,0.6737515842085603,0.2037719370379225,-0.7156172843372588,0.4910292728989613,656
536,0.19359761479053658,0.05654610790504799,-0.6224180033368975,0.47958542713567837,665
537,-0.10237069940432028,-0.0299564985470252,-0.6617575827465547,0.4753686852839661,684
538,0.19462509008538725,0.05747167650359053,-0.5531238979313398,0.4816211121583412,650
539,-0.12075100107163565,-0.03524475007556027,-0.7339799662531427,0.4711992445703494,652
540,0.24399857991206766,0.07111986792984859,-0.6496684140338025,0.47577092511013214,652
541,0.4967561095617273,0.14661855587569694,-0.6040332189714095,0.48867212083071115,696
542,0.012635265505053854,0.0036533613983000812,-0.456526533090005,0.4774944916587976,678
543,-0.06889557853571084,-0.020194253864050604,-0.6655929755431618,0.47289251018489503,686
544,-0.06764791370134839,-0.01989737698076499,-0.7013738760695105,0.4776448362720403,671
545,-0.12435357778464294,-0.036249514670837035,-0.8120105460891704,0.4684940138626339,691
546,-0.1346555388416415,-0.03921353496311453,-0.7253257473147425,0.4748269351793581,704
547,0.22321391479434238,0.06642559991263641,-0.5007014343212796,0.48867924528301887,670
548,-0.2108027314345937,-0.0609418775993098,-0.7559692148548441,0.4723791588198368,703
549,0.2017227521535408,0.06009383820777403,-0.5992165310310078,0.48164417947913396,671
550,-0.3294226282453328,-0.09689415042901783,-0.7814168695279823,0.46651996227601383,702
551,-0.17423418176870448,-0.051152092639340174,-0.6243137868921218,0.4803767660910518,650
552,-0.3978900678724295,-0.11436063765532867,-0.8885420858204012,0.46799116997792495,712
553,-0.08248192760598845,-0.024376329360018767,-0.5845224572308287,0.47662378412299966,707
554,-0.3349778893556783,-0.09850556012470624,-0.7961644110912439,0.4572595851665619,701
555,-0.009780308156439937,-0.0028493919305278004,-0.6652201094822219,0.4704773869346734,698
556,-0.11933650082033151,-0.03513007290301795,-0.6529132737187939,0.4761006289308176,678
557,-0.11754674502782009,-0.034218214549726955,-0.7250395716183125,0.47145545796737764,670
558,0.14426011876308328,0.04211405021078929,-0.5938117184540366,0.4815979867882982,666
559,-0.17509749180184841,-0.05120641059283204,-0.8577025893465868,0.4715677034244424,702
560,0.005680594677234333,0.0016736524803890873,-0.6944568926735791,0.4875825212197422,708
561,-0.29386696873587786,-0.08811181240768928,-0.7718999685431546,0.4679245283018868,681
562,0.04128078715457114,0.011921993073206405,-0.6231545348118188,0.4779874213836478,686
563,-0.2699217453998265,-0.08001763749325386,-0.7490682522837655,0.4745603015075377,664
564,-0.19175903560414986,-0.05707187802567393,-0.8409491102902812,0.4746616304689959,656
565,0.04441284433523842,0.013217056536643623,-0.6338189800796954,0.4735349716446125,695
566,-0.20394899370156708,-0.058363927571151386,-0.6682067121449021,0.46765075376884424,745
567,0.02680961394360712,0.007825500018341813,-0.5585817530540214,0.47671491504090624,655
568,-0.09143171983850786,-0.02666513934922654,-0.6475328874413558,0.4633228840125392,699
569,-0.3588911244658565,-0.10538216105123233,-0.8413613635785299,0.47426239799121156,675
570,-0.31771206982256234,-0.09081291119433033,-0.8454243669625722,0.4719419924337957,698
571,0.04342239288119831,0.012822177426552228,-0.5452548211371999,0.4773727215587681,694
572,0.2758173285300364,0.08095416150679391,-0.5618459677418911,0.4889937106918239,662
573,-0.1876733100992553,-0.05460987706989473,-0.6627716305585727,0.47058823529411764,665
574,-0.16337081141638243,-0.04807017800579794,-0.7286890176749483,0.4627943485086342,705
575,-0.27496825321335777,-0.07895520963848268,-0.864773720735278,0.4688874921433061,725
576,-0.20273333642153962,-0.05919163258020377,-0.6480070896361771,0.47857592942659105,667
577,-0.4140426624858635,-0.12066335108385629,-0.833281593688125,0.4751572327044025,695
578,-0.1189070829665061,-0.03532022792008105,-0.7567858531644325,0.48255265639735934,681
579,-0.298480941729512,-0.0882023242812826,-0.764943996535348,0.4715319282793331,655
580,-0.353648238036095,-0.10382120783793158,-0.880689713400537,0.47071788413098237,676
581,-0.09942823360541565,-0.02882812781362387,-0.7762293845621375,0.4737668865849827,666
582,-0.19281094646137367,-0.05603836487128,-0.7204929083473781,0.46872052813580634,689
583,-0.3583223128268013,-0.10475970024593473,-0.8319414433735735,0.46733668341708545,696
584,-0.08653221267422873,-0.02490512945772838,-0.4962050077517459,0.4764299182903834,701
585,-0.24241602500830126,-0.07092188812564781,-0.8173028859904865,0.4643642072213501,688
586,-0.11496494968367275,-0.03322791303228112,-0.779704816886136,0.4739829706717124,708
587,0.22329106359025805,0.06568752667356725,-0.7288644960240613,0.487413467589679,686
588,-0.16202104342056575,-0.04796857034168667,-0.5695901688386334,0.47850643238155005,667
589,-0.5103109252538629,-0.14750438568857926,-0.915209168437248,0.4620949984271784,709
590,-8.777262095328167e-05,-2.580584844091849e-05,-0.655828076681665,0.4872761545711593,667
591,-0.5122615320266747,-0.1498853018379931,-0.9396431147320708,0.4598242310106717,727
592,0.11439938641481275,0.033148665839441094,-0.4986420084225889,0.4844290657439446,693
593,-0.08421482620426311,-0.024806228340730874,-0.5937888154878361,0.480225988700565,685
594,-0.001346050192544642,-0.000392742940748092,-0.7702048907266084,0.46551181102362205,712
595,-0.432417765571772,-0.12729320848791914,-0.8654659466248735,0.45791457286432163,689
596,-0.040976952107660045,-0.011892108314572547,-0.759051897880805,0.4679446888749214,688
597,-0.29709535032441864,-0.08676008697740922,-0.8675010765710449,0.46397243107769426,717
598,-0.3224856183171945,-0.09431049160436022,-0.7825774956736419,0.47060672744419996,703
599,0.26753603227419664,0.07979395896945385,-0.5869080764711146,0.4919735599622285,694
600,0.08445147602087072,0.02460532526852144,-0.6273956347913819,0.47741530740276034,702
601,-0.29001225128164393,-0.08304494959501285,-0.7097838134156924,0.45943396226415095,693
602,-0.126289930519034,-0.036489035342498144,-0.7302851421704654,0.4723618090452261,717
603,0.28850784997698253,0.08436016867969132,-0.46496322037970883,0.4828885400313972,687
604,0.09831233679328381,0.02880921521565627,-0.4434549724638429,0.47722274583726043,669
605,0.197048745181366,0.05816033645292262,-0.5734402444196494,0.48854722309381865,653
606,0.05308402102315531,0.01548018265153428,-0.6425477613306592,0.4820415879017013,664
607,-0.4641184322362044,-0.13302302089624185,-0.880995043953435,0.460182562165565,704
608,0.17072896786318997,0.050197417635190034,-0.6170838043834475,0.47566718995290425,656
609,-0.45971487836742125,-0.13334952201165196,-0.8653916017113075,0.46547394852479596,719
610,-0.216331609691831,-0.06275375472804012,-0.7673105820502586,0.46503606146127313,704
611,-0.20011508724255722,-0.05849926993946131,-0.8355868343357091,0.46895682319571386,722
612,-0.14519196994752953,-0.04201111035307148,-0.7010667318896645,0.4803520905375668,672
613,-0.3150109234312781,-0.09141403860091035,-0.8001764728326517,0.473253618628068,684
614,0.04251852428475103,0.012517732837740603,-0.7555514396514609,0.4753222257151839,680
615,0.1348448979853123,0.039643923269138126,-0.5479605863166812,0.48145820238843495,676
616,-0.4916400443060581,-0.13918383541967283,-0.8937573031651044,0.46683432882741277,683
617,-0.2274846563235805,-0.06610668921297802,-0.7739620148409053,0.4748269351793581,665
618,-0.1022168657452968,-0.029802034885589856,-0.6557373721003784,0.4734848484848485,706
619,0.003594715958649859,0.0010572670833592923,-0.6429369770868529,0.4697923222152297,692
620,-0.13917278336848748,-0.039715629534935015,-0.6724807226825626,0.4725552050473186,713
621,-0.2917292567395866,-0.08533377276932552,-0.7093193766190866,0.4745603015075377,696
622,-0.03658614982431038,-0.010829535057071626,-0.7431511951632117,0.48977665932683234,683
623,-0.3248461360539323,-0.09622263553330956,-0.8547732707412746,0.46042713567839194,678
624,-0.4134427827909717,-0.1185388813947833,-0.9004504299970374,0.46750788643533125,709
625,-0.4335578509592589,-0.12420310966672377,-0.8688103783912997,0.45972309628697294,721
626,0.3218512496658574,0.09455664461537494,-0.40781559679459034,0.47988686360779387,715
627,-0.2541434462957884,-0.07259867812980436,-0.7562701247549952,0.4666876178504085,696
628,0.13691154987096868,0.04000889805887908,-0.7685839091098918,0.4806786050895382,704
629,-0.014470241069732201,-0.004264960047026478,-0.7307991640237638,0.4742138364779874,695
630,0.02526327394893501,0.007256024689067164,-0.5985013808224983,0.46656200941915227,681
631,0.031040810905646306,0.008865452672022878,-0.7077981301425531,0.4740973312401884,664
632,-0.15769037424814372,-0.04666764307939797,-0.8777106143209545,0.4629396984924623,678
633,0.2897950757895686,0.08619306195369325,-0.4999300078710852,0.49748901443816695,672
634,0.062297311341930166,0.01854482851564443,-0.4965076089743269,0.47887767969735184,675
635,-0.5289145852649597,-0.15389346762120748,-0.9046386139481796,0.45577588920365125,715
636,-0.051616677383533004,-0.015165487386749277,-0.6675253623386432,0.47783715812637534,678
637,-0.5861168897475876,-0.1687130569012364,-0.9375484978551294,0.46211646837820913,686
638,-0.32303536238516395,-0.09329514009749296,-0.8643978339292301,0.46945843828715367,690
639,-0.25386862483416284,-0.07556409134887565,-0.7371680328180021,0.48180677540777916,669
640,0.08490409701511871,0.024656554890471583,-0.6112202043039414,0.4853450992751339,689
641,-0.23410209048697825,-0.06843496281152617,-0.7141843661125908,0.4697351828499369,658
642,-0.399414428819197,-0.1156686250920862,-0.8393429866577309,0.4638687283054591,680
643,-0.5674229458185508,-0.16756671953056268,-0.9193074731812401,0.4644430459408433,682
644,0.04305474830107106,0.012412016475888743,-0.6212759222303975,0.4854889589905363,671
645,-0.19159163249058825,-0.055900938166557834,-0.8355390532177728,0.4731216598553914,710
646,0.18755908604321828,0.05461301302930566,-0.5507229101443865,0.4733040201005025,688
647,-0.24102266513853174,-0.0687720129855377,-0.6581955458349296,0.4694069657985566,695
648,0.08794451555080106,0.02614337381490861,-0.6526858722909982,0.48713119899560575,686
649,0.06727875437329645,0.019745239085389166,-0.5370966129741694,0.4821204516938519,658
650,0.07436673621787768,0.021795689125718054,-0.5852195164175595,0.47195967233774416,696
651,-0.03663153113385056,-0.010610117792724916,-0.7048582800408666,0.48397234443746073,691
652,-0.13202333497420907,-0.03788558108935269,-0.800563564313915,0.47499213589178985,688
653,-0.41689593265489855,-0.12031913833713814,-0.8982663461997001,0.46605908233815213,691
654,-0.029334908687951848,-0.008568165567014563,-0.7362374404960185,0.48613736609955893,658
655,-0.2373245535036085,-0.06958971663659719,-0.794662267722641,0.4659949622166247,665
656,0.14697663968979388,0.04327509396878315,-0.5833833967909762,0.48665620094191525,674
657,0.226118970333597,0.06605721335666837,-0.6165090240148573,0.48724409448818895,692
658,-0.3103619351327569,-0.09085319206525844,-0.777461700723947,0.471253534401508,695
659,-0.46324424729845926,-0.13338115831665986,-0.8766537761918117,0.46446540880503145,710
660,0.1537233580694793,0.04560703794920107,-0.571428814865453,0.48190116462071136,624
661,-0.3039851233168798,-0.08839058578925518,-0.8245674777838077,0.4684854186265287,660
662,-0.21753950114618628,-0.06352362636209208,-0.678679202341248,0.4716033887668654,678
663,0.05542249433748069,0.016215780503112898,-0.520664915591696,0.49355143126769424,675
664,0.10391498865137813,0.030431119515249128,-0.6278325976921204,0.47897049591964846,661
665,-0.5395087756477122,-0.15412085821814525,-0.9192268793694292,0.46528432296575556,697
666,0.12215375497932675,0.03481491032035744,-0.6132223505126694,0.4792583280955374,722
667,-0.3005943240666156,-0.08667548524200863,-0.8002926733745509,0.4718221665623043,703
668,0.31632076934460496,0.09402764319865997,-0.5531994913622631,0.4804785894206549,667
669,0.20385031365526826,0.06047354571382302,-0.6696895883505951,0.4836580766813325,666
670,-0.2203028419569134,-0.06493080734147516,-0.7415276799073964,0.47613065326633164,703
671,0.2926153370402366,0.08703903486691988,-0.68106161604024,0.4847436300723498,652
672,-0.31633975827968336,-0.09352036513876205,-0.813612662468393,0.46345305608065535,689
673,0.41379262358382574,0.12163506408488889,-0.4299944640275726,0.4876058989645435,675
674,-0.4178955143018485,-0.11973388683476505,-0.8639005068373875,0.46255506607929514,718
675,-0.03198049439127778,-0.009384538680321963,-0.7506311012111602,0.4820867379006914,676
676,-0.333644328307274,-0.097900590952259,-0.8332582139178086,0.46187637276435517,707
677,0.12162031407825921,0.03551101606441698,-0.5497944735334283,0.4832807570977918,666
678,0.397268865351749,0.11734612650974996,-0.48264845036072246,0.48742928975487115,638
679,-0.0911740320577519,-0.026587980179092252,-0.7761506631291349,0.48098082364036465,662
680,-0.45111714350717014,-0.13177458677106657,-0.8943848525909933,0.46911257447475696,706
681,-0.20634465071566216,-0.06089575828062499,-0.8941352746455726,0.47195236602945784,677
682,-0.11060898277356015,-0.03164446169260626,-0.603073807885312,0.46789852803006576,742
683,-0.06491292720350014,-0.019046553915099906,-0.8125266947453453,0.46790434235368156,653
684,-0.023329105467157017,-0.006782977288709691,-0.7620260522479492,0.47830188679245284,677
685,0.025442599587591534,0.007510493304375254,-0.6042176190125507,0.48092084515925576,677
686,0.08287491407485943,0.02460854086482156,-0.6506501736284225,0.4683385579937304,643
687,-0.16331926218063803,-0.04741280321386132,-0.7982335656849815,0.4792322215229704,681
688,-0.21906888415971054,-0.06426521444968736,-0.7499249486150072,0.4617314930991217,707
689,-0.07053031948147423,-0.020269858442106603,-0.6215303369203288,0.47464566929133856,673
690,-0.3012782595460579,-0.08732590764994053,-0.8475986217890878,0.47545626179987416,672
691,-0.14771256780643005,-0.04321827123800481,-0.7753874105715404,0.48363750786658277,683
692,-0.5091947257701618,-0.14777462141566633,-0.9256736263424057,0.47454431175361406,683
693,-0.011142849270392477,-0.0032929308906467503,-0.7214025497791906,0.4716981132075472,672
694,-0.6196710548753425,-0.17796893554248638,-0.9472762580816307,0.45685597740822087,714
695,-0.37710526387507176,-0.10876676042728839,-0.8461052385362945,0.45768025078369906,716
696,-0.04729264588090655,-0.013633853664860252,-0.7095511274591944,0.47138364779874214,683
697,-0.18826055207004136,-0.05558162196182703,-0.821883978107131,0.4670433145009416,693
698,0.04307971146315444,0.012703975205870632,-0.7275575640168955,0.46771653543307085,710
699,-0.22719280630279634,-0.06596526716759943,-0.7463875786589296,0.4647003451521807,672
700,-0.16942794415476714,-0.04991052649191685,-0.7011344110611806,0.4784115978569177,685
701,-0.3759815907130057,-0.1100946381431217,-0.8847430662756124,0.47071788413098237,681
702,-0.5030356378844854,-0.14479402861904733,-0.8996277719963539,0.47423004399748586,688
703,-0.025977073075809327,-0.007660228968402127,-0.7576901770457988,0.48193528118127554,687
704,-0.2174307697857087,-0.06416910721036506,-0.6818809653610854,0.470292360892801,680
705,-0.32951307013272096,-0.09433076981003619,-0.9022756260151407,0.46909319108879827,729
706,-0.25041948979545087,-0.07331260199249001,-0.830480220918166,0.4728877679697352,698
707,-0.37394931904407763,-0.1082332584911464,-0.8436437132717196,0.47297297297297297,667
708,-0.1093709777852512,-0.03189067113125843,-0.6863513401387202,0.4864864864864865,689
709,-0.2651885031519179,-0.07838793768337093,-0.7966143428285892,0.47138364779874214,676
710,-0.07506657077365286,-0.02244362529820987,-0.8360584978889296,0.47221350078492935,666
711,-0.4302480610782618,-0.12428290464351444,-0.9126995505006001,0.4644430459408433,664
712,0.10076083676609844,0.029172323672628897,-0.5080328841304897,0.48836477987421384,684
713,-0.061699448375983255,-0.017779563729411585,-0.6570766461205535,0.47058823529411764,692
714,-0.1972768064356143,-0.05807142628627082,-0.7461449411372723,0.4734193142497641,681
715,-0.28471666063615714,-0.08201636994034756,-0.7633293500427228,0.46729559748427674,708
716,-0.37600363683903437,-0.11024071468290797,-0.9057859746282263,0.46129641283826306,702
717,-0.05918995068302676,-0.017272617940911728,-0.7601468406677263,0.4730238393977415,677
718,-0.34380156455344885,-0.10027106270261932,-0.8924747567918108,0.4764299182903834,709
719,-0.27070365714349626,-0.07914000487671513,-0.7319295561599901,0.472458293988039,659
720,-0.31326472722936394,-0.08997652369115539,-0.8577915113920594,0.4699779943414021,712
721,0.0851646424941719,0.0247382835379113,-0.7004481460092864,0.48597541758588086,667
722,-0.5229457814576431,-0.15003668046650886,-0.9231465847051151,0.4629396984924623,738
723,-0.2976332728505338,-0.0879035593052434,-0.8698536036222364,0.46549007248660573,681
724,-0.41515138870546225,-0.1213759179268914,-0.8685875085618262,0.46511627906976744,695
725,-0.6196625023615229,-0.1803893546491231,-0.9429353845534166,0.46733668341708545,701
726,-0.5727232664908174,-0.16433546484311023,-0.9561614384791552,0.4647798742138365,711
727,0.08166016187544371,0.024092612036911154,-0.6289689416814501,0.48220472440944884,667
728,-0.24512675744749587,-0.07164647875469987,-0.8488449143720681,0.462968799243618,711
729,-0.1675940208996714,-0.04897723475902882,-0.803456633129588,0.46511627906976744,694
730,0.10252815280127955,0.030534377545287317,-0.6409635117813418,0.48384060244744276,676
731,-0.6549628982899124,-0.18743760948913313,-0.9374705446951099,0.460182562165565,733
732,-0.30647150845689963,-0.08847133558165177,-0.8391604529014944,0.47093936537857367,670
733,-0.01922240085374351,-0.005600208682479013,-0.5613342098401208,0.483921815889029,652
734,0.10365358671311059,0.02991496822631423,-0.5727491150331565,0.47720842502357746,694
735,-0.22354007412293478,-0.06495497332402622,-0.6017744930143627,0.4693106704438149,706
736,-0.1779665221502209,-0.05187665168090194,-0.7694835791203546,0.48255265639735934,683
737,0.13650723329795172,0.04001316005167421,-0.5568745429587916,0.4731047499213589,661
738,0.2675089938683193,0.07779998616834471,-0.5940621688379377,0.47452830188679246,659
739,-0.5712929159343495,-0.1661470118887779,-0.958126681201729,0.47103274559193953,688
740,-0.04339183033180843,-0.012560222905647733,-0.546148134932317,0.47489737922323966,674
741,0.1477299564866592,0.043469362742626805,-0.44812307595476497,0.4636363636363636,682
742,0.037143293466039916,0.010751795176186185,-0.6673227962986523,0.47452830188679246,719
743,-0.5621553085922222,-0.16033402122249074,-0.9253362917370727,0.4623588456712672,698
744,-0.05671522437365865,-0.01669005865358819,-0.7027833619133013,0.4756212645486002,678
745,0.013488150896795632,0.003951365413047636,-0.6472990809066586,0.4822717288986508,676
746,-0.13535413110953248,-0.040026098993871995,-0.7396581954546309,0.4756824599937245,657
747,0.137201325882333,0.040165256241148084,-0.6366224459770446,0.47614533965244865,660
748,0.047224094081399604,0.013771360581740888,-0.6355713246547696,0.47875354107648727,667
749,0.0936839097010362,0.027586044694504652,-0.725612321918834,0.48441926345609065,657
750,0.06750204244731146,0.019525785612334534,-0.7098360156841141,0.4816095567431625,716
751,0.0357970486710055,0.01049484908751297,-0.6975041623159854,0.4696254327982373,676
752,-0.20506249050151315,-0.0600718387083633,-0.8319449735388053,0.46700188560653677,691
753,-0.17089030864171678,-0.04940549543632855,-0.826382561561226,0.4709027996225228,697
754,-0.6673926676990033,-0.19358456655903122,-0.9498217581002071,0.4577020202020202,723
755,-0.308553491847662,-0.08832404259535942,-0.8152860829485755,0.4653870358716174,714
756,-0.35550355589080945,-0.1031454031554564,-0.9235872782577768,0.47134760705289674,708
757,0.34122242188756086,0.09910823203308339,-0.578463490904568,0.4941768964431854,687
758,-0.40206651508594093,-0.11789948872026745,-0.8883615737151982,0.46300940438871474,719
759,0.11805356887918153,0.03479495252136844,-0.7882224843810308,0.4894488188976378,663
760,-0.1961205204826434,-0.05708579610487119,-0.7855165808532864,0.4820528967254408,689
761,-0.4536673301245342,-0.13217042461765016,-0.8922221832515577,0.465495608531995,693
762,-0.1072205536040555,-0.03125313238118432,-0.6561523213924044,0.480564263322884,689
763,-0.22510440602276702,-0.06574550047383343,-0.7702965711646351,0.4706620646375902,689
764,0.014682789074457565,0.004271613352186954,-0.6788930657869799,0.47722274583726043,690
765,0.14897139741238702,0.04423572240802942,-0.5247112894702384,0.4846105527638191,634
766,0.20537007931470483,0.06024512119946568,-0.572847960731053,0.48646947765890497,696
767,-0.4727589050602981,-0.13922177104475442,-0.8761427896349051,0.459748427672956,675
768,0.04161701853571321,0.012211087612015614,-0.6653616242222742,0.48100470957613817,636
769,0.6719874575811036,0.19490019850806162,-0.5497617579553095,0.49371464487743555,694
770,-0.1547314796502814,-0.04489238802806106,-0.6437141479121595,0.47394852479598243,687
771,0.141081168007191,0.04133048966741071,-0.5489322111204619,0.48683385579937305,668
772,-0.09284071886144649,-0.027321793495180158,-0.7370452894868349,0.4641057934508816,678
773,-0.36876087827436554,-0.1082338588901407,-0.8640936278519031,0.47158555729984303,685
774,-0.27560624065142003,-0.07957726638915841,-0.743998154348335,0.4770295783511643,701
775,-0.04332271036691833,-0.012694446384268643,-0.6515516360256699,0.4689070351758794,682
776,-0.33406300355806906,-0.09651401428157524,-0.8170625845405538,0.4672721578452866,708
777,-0.34837292188824437,-0.10070850026807698,-0.8657877981777652,0.46797096875986116,709
778,0.3040923801998285,0.0889171916787892,-0.5907466223595713,0.4819125511167034,692
779,0.16853427810196103,0.04964023314549415,-0.49672102464023926,0.47973609802073514,657
780,-0.1663456227388285,-0.04815763152767749,-0.7863568187005775,0.4664576802507837,674
781,-0.2110280284779812,-0.06165209337091304,-0.7041835991666776,0.4671280276816609,714
782,0.4305650923478348,0.1250860560791649,-0.5018996732569918,0.4913603518693057,694
783,-0.3149249790863028,-0.09169687119020475,-0.7788153339572101,0.46042713567839194,694
784,-0.1860735875212336,-0.05494170443924706,-0.7631463642738849,0.473138548539114,637
785,-0.16036280134213662,-0.046717772374229805,-0.7983837605606319,0.478806907378336,699
786,-0.31777086218764855,-0.09162872179257964,-0.8572436840933119,0.46708661417322833,708
787,0.19191199475157944,0.05623516388839711,-0.692539763574874,0.4713656387665198,678
788,-0.38153552894508935,-0.11131541982596349,-0.8260580228810354,0.4662903731577297,680
789,0.33250342177189507,0.0961193279638235,-0.5556448313842154,0.4795725958516656,696
790,-0.11669907723943437,-0.03342951538756389,-0.6012255909939621,0.4790946243319711,682
791,-0.2687916596409102,-0.07838234391074361,-0.7809700402341108,0.4738993710691824,705
792,-0.47258902736604,-0.13591817691301322,-0.8693119087124536,0.46315459391658825,726
793,-0.2092402012876536,-0.06177555834381465,-0.7175391514184113,0.47293895531780994,690
794,0.08931360175759172,0.0264862391260261,-0.49178441207333257,0.47869990533291257,641
795,0.0023864588721937093,0.0007090871933004284,-0.7458199586245435,0.46656200941915227,656
796,-0.5557664278001297,-0.16277445815333558,-0.9184412504371616,0.4586206896551724,697
797,0.2640473084763105,0.07639188258245988,-0.5750628964576191,0.4816326530612245,678
798,0.2872307009053085,0.08528230488863664,-0.5510157116826797,0.4856873230575653,680
799,-0.3492262352241354,-0.10286611145758862,-0.8113192569955913,0.4584509250548761,695
800,0.039407030724994845,0.011439078594033703,-0.7196826157843617,0.4861809045226131,675
801,-0.3027863353302058,-0.0887108785432269,-0.7863956838885819,0.46788413098236775,702
802,-0.3440583117606396,-0.09947597814372688,-0.8097053819556571,0.47418136020151136,687
803,-0.31689161171239305,-0.09212947181767794,-0.849928535124763,0.4757250945775536,720
804,0.02728492042080122,0.008050302531354747,-0.7462966961680733,0.4779874213836478,670
805,-0.16686856905921538,-0.04869392196211664,-0.8168015546571332,0.473568281938326,693
806,0.030908912977685627,0.008997732876771414,-0.66010706902626,0.4714375392341494,695
807,-0.20874841748143663,-0.060819520868021226,-0.7484894364199239,0.4693492612386042,683
808,-0.5003167690426011,-0.1428002092302788,-0.9102074988427868,0.45682888540031397,696
809,0.05560819544975641,0.01625142971456528,-0.6736194571739126,0.4706620646375902,678
810,-0.16019276869626214,-0.04669332313811014,-0.8639418012377952,0.46872052813580634,667
811,-0.24181746230540963,-0.07091073897638378,-0.871040172168462,0.4604767879548306,689
812,-0.07407664582618527,-0.021712987894921376,-0.7356232063800513,0.4672750157331655,701
813,0.008048181926150859,0.00236267063859108,-0.6148756549148984,0.4725897920604915,699
814,-0.08449081359638182,-0.02466783122878946,-0.6996747813711774,0.4706994328922495,709
815,-0.19680419666758636,-0.057067698771681274,-0.803856057274009,0.47778127954617083,676
816,-0.2946924275292055,-0.08589987777316455,-0.7622020389918454,0.4743145288370627,674
817,-0.226982783104918,-0.0656120971083557,-0.8295083382058259,0.48220472440944884,696
818,-0.08808602887317143,-0.025756273763026583,-0.7734937580295379,0.4724929267525935,680
819,-0.26845800412593096,-0.07866878442421599,-0.8035192726986102,0.4693492612386042,681
820,-0.4001002071182192,-0.11665276955494974,-0.8899014216618012,0.4714420952982013,674
821,0.04432084380578455,0.012689620565382587,-0.7016329689544591,0.4733375156838143,707
822,-0.12706670948812232,-0.036836902521934944,-0.890787756373513,0.4764299182903834,699
823,0.2055253005399549,0.060393487182579086,-0.5286759010270168,0.4880653266331658,688
824,-0.23905743055335343,-0.06983848360273326,-0.7764304418543811,0.47332077840552417,699
825,-0.12918499012227042,-0.037102282864247216,-0.7487577994737146,0.47130761994355597,706
826,-0.22912125523517723,-0.06681307663303315,-0.7950886406471944,0.47830188679245284,731
827,-0.23767373248592236,-0.06999793297887769,-0.7777332030088172,0.4712354605469978,682
828,-0.4246877045311539,-0.12245267832047002,-0.8286096502167636,0.46656200941915227,734
829,-0.0968748162881246,-0.02836958467387285,-0.7307499389165292,0.4752911551778407,681
830,-0.04461086940210625,-0.013055013952544714,-0.6375381820676775,0.4737668865849827,684
831,-0.3280438523251309,-0.09560747905602562,-0.8651398385254853,0.46748350612629597,672
832,-0.25247923678134687,-0.07344816121779807,-0.6602118291278356,0.4786028949024544,653
833,-0.17986820153975183,-0.05194086227118866,-0.8625598970560118,0.4802383939774153,679
834,0.24311907861945578,0.07180606972782577,-0.5641331505797046,0.48177247014456315,632
835,-0.36199490593920564,-0.1051976746424671,-0.8053216785601908,0.4732199117832388,706
836,-0.3450766183296392,-0.10095432156612483,-0.838147582878674,0.46536523929471035,704
837,-0.11226105048676359,-0.03200775711814641,-0.813149284335103,0.47897049591964846,702
838,0.050169650637391344,0.014515826786008823,-0.6504120716402828,0.4916587976078061,688
839,-0.36509766904468166,-0.10717533659786138,-0.8354834008409524,0.4656200941915228,683
840,-0.2856877202147716,-0.08418144432481522,-0.7326392601370332,0.47358490566037736,683
841,-0.4329786216613167,-0.12582901774559585,-0.8870207675681481,0.45537397862979256,690
842,0.4363193148508804,0.1295750086919143,-0.6463323214074699,0.4907203523120478,668
843,0.1894729270352417,0.05613321713143771,-0.6870368423293909,0.47819265767179164,702
844,0.17525812142727554,0.05074872334271907,-0.6352275193316648,0.47401574803149604,704
845,-0.170307017251702,-0.049462923193198005,-0.6450326566370601,0.47650583412172814,670
846,-0.2030789520289823,-0.059062564479389956,-0.8534513100221437,0.4795725958516656,672
847,0.06174494778527424,0.018091648667686755,-0.5114835585845751,0.47897049591964846,652
848,-0.3086411908127541,-0.0905979540696874,-0.8620111406575743,0.46823899371069183,680
849,-0.16621156939823697,-0.0483814806089804,-0.7010499924689477,0.48867212083071115,659
850,-0.03852077421369036,-0.01138949726889249,-0.7379574393029069,0.47500785916378496,675
851,-0.46248036491952427,-0.13238103876841079,-0.8538333482539997,0.4692017598994343,740
852,-0.07173947555247905,-0.02072520590173077,-0.5862314942548315,0.4759811616954474,670
853,-0.5164345134261911,-0.14896584120360845,-0.9041927341537662,0.4768649669499528,722
854,-0.026950557124309174,-0.007961689067209288,-0.6034935829209409,0.47533773169965443,656
855,-0.14409065536816754,-0.04137706968044341,-0.6219682205322528,0.46511627906976744,715
856,0.29555726802984983,0.0872620085551572,-0.5950784508826381,0.48991172761664564,659
857,-0.1786995347146497,-0.05251098072490623,-0.6807155760880095,0.47780925401322,668
858,-0.362573649544218,-0.10658700649359709,-0.8521184696254481,0.4573667711598746,679
859,-0.10288594176236777,-0.030065595342824825,-0.7344515017790114,0.4687401822180333,686
860,-0.11633181657242224,-0.03398642008390107,-0.8054686150736529,0.476235442241108,696
861,-0.11242207052860599,-0.032508685198320064,-0.690557974328957,0.4913657770800628,703
862,0.13669442927533737,0.03964056068255495,-0.6119073963370145,0.4840844626536401,673
863,0.050014525617853765,0.014803151943870274,-0.7346524951277869,0.4807813484562067,699
864,-0.20266892772357648,-0.05995141723333053,-0.7981268438913637,0.4789308176100629,697
865,-0.4200781002834316,-0.12225093507673401,-0.8852565520678238,0.47058823529411764,667
866,0.04400492151148548,0.012877595004867626,-0.6318077280119321,0.4806054872280038,685
867,0.03770419751846711,0.011114526366910127,-0.7363469577165614,0.47016331658291455,704
868,-0.5644373632883647,-0.16396924182079786,-0.9252326556816244,0.4550879396984925,728
869,0.14423583132747378,0.0426425959369483,-0.5564234484392573,0.4805276381909548,659
870,0.2192340442324109,0.06325712205315859,-0.4901352045653409,0.48302954116907604,708
871,-0.3192294777064658,-0.09305350168666804,-0.8264918969092079,0.4771797293043752,690
872,-0.09004624299755455,-0.026171826007419297,-0.6297359807615075,0.48085373509102325,694
873,-0.19682830677194282,-0.05760829054354821,-0.7221089004330183,0.4714016341923319,680
874,-0.08404925535764153,-0.024765127607720094,-0.6761528107805219,0.47479521109010714,682
875,-0.02975194041222094,-0.008666225500516433,-0.6095652628967678,0.4731047499213589,665
876,-0.08528671039315046,-0.024857937157023446,-0.7325636570908114,0.4704588309239472,683
877,0.0791150315142626,0.023313854454704463,-0.6679822694667381,0.47729408080175384,676
878,-0.5668530635551079,-0.16119068145875592,-0.9361529583084834,0.46027742749054223,722
879,-0.2684567486713768,-0.07760135447632699,-0.751010873748671,0.4727387330601954,678
880,-0.04893962655610133,-0.014182539501825242,-0.7718355382019855,0.4728877679697352,667
881,-0.08082656983786138,-0.023714146937008462,-0.5576857344293997,0.4743791260609871,704
882,-0.253563478624599,-0.07446884343429416,-0.8384220236433894,0.46369066331342346,690
883,-0.20249147896700956,-0.05930165827792233,-0.8007065252611895,0.470144563167819,678
884,-0.18467386533081814,-0.053230068404098385,-0.7930991168320997,0.47793190416141235,694
885,-0.2608830827091148,-0.0739627358553605,-0.8806006828685371,0.4761456371625863,717
886,-0.5189408837165623,-0.15302989279115875,-0.9091006328541613,0.46315459391658825,688
887,0.32987710597348296,0.09631678999243243,-0.5121008188645129,0.4830827067669173,683
888,-0.43145491409515757,-0.12483456984443753,-0.9003422875734787,0.4657232704402516,682
889,0.013451295549279362,0.003914084427288911,-0.49170545374587815,0.48897984886649876,727
890,-0.42354840678143113,-0.12298673952187689,-0.8966264100954073,0.46975425330812853,724
891,-0.0392375318424988,-0.011354304385482128,-0.6673282425097484,0.47670025188916876,674
892,-0.41214499262451343,-0.11942597928838738,-0.8826197267404562,0.46064231738035266,731
893,-0.0005293531415786172,-0.0001545211362767862,-0.6807566513960852,0.47547169811320755,674
894,-0.3761617140547492,-0.10844030622869394,-0.8230573223394837,0.4655984919886899,718
895,-0.3010319385632274,-0.08788592123177597,-0.777696645815694,0.4717514124293785,704
896,0.3396663616575518,0.10148166075211607,-0.529885863521819,0.4757556675062972,640
897,-0.20339855525219494,-0.059813621649125515,-0.7288724365210515,0.46700188560653677,695
898,0.12279962842558488,0.03563744027182425,-0.6690668304097,0.4839420654911839,698
899,-0.050218182276636825,-0.014836860900886206,-0.6500976775627743,0.4819125511167034,670
900,-0.16812005391824417,-0.04893865445878531,-0.6559060556311314,0.4662480376766091,683
901,-0.21058329239327145,-0.06260953881520537,-0.6630669566341223,0.4748269351793581,663
902,-0.30616257040226996,-0.08905131908986341,-0.825376515848556,0.46936852026390197,686
903,0.22335740877873045,0.06581616546631186,-0.5066586866953796,0.48680904522613067,658
904,0.3227567247097249,0.09579530435945927,-0.5601015704311714,0.4825416797735137,657
905,0.18597001279933364,0.05404982544646075,-0.518278244260505,0.495748031496063,668
906,-0.32048659318277406,-0.0934045207993468,-0.8396074550482732,0.4631083202511774,699
907,0.3726112967218889,0.10958548316020789,-0.5016839512381679,0.48707440100882726,645
908,-0.12841968363241313,-0.037132391425630074,-0.6339441690076026,0.4692211055276382,709
909,-0.1565533738730271,-0.045756020544558296,-0.7366638274074795,0.4645323289391086,689
910,0.07625741663152305,0.022167476999364277,-0.5293829566655432,0.47674418604651164,694
911,-0.5349919147066033,-0.15441764798839552,-0.9238965018694972,0.4622404027690371,714
912,-0.2480575973702099,-0.07115835312726071,-0.8876035488893846,0.47786499215070644,691
913,-0.06661231469625795,-0.019619374927758004,-0.7413082294164399,0.47763074984247006,683
914,-0.1091344281634121,-0.03173225119895973,-0.5033192332140769,0.4808176100628931,689
915,-0.2931420842852982,-0.08538057456119796,-0.7653279512803102,0.4715319282793331,696
916,-0.0624442786710931,-0.017951871419801924,-0.6082872687768264,0.4825416797735137,704
917,-0.30908355619747657,-0.09054404902698365,-0.8650160378689047,0.46916299559471364,703
918,-0.14283201663600073,-0.04221611155452465,-0.8505409119479779,0.47332077840552417,679
919,0.05747916670541136,0.01681521042229117,-0.6863861073727454,0.46819178940770917,664
920,-0.16413531600024878,-0.048509530831066794,-0.8054124340190312,0.4642409033877039,700
921,-0.3386891765955635,-0.09880867057290943,-0.77926311321819,0.4803273528485993,680
922,-0.4176319294357731,-0.1217706471562956,-0.8865115286577787,0.4667085427135678,704
923,0.022863786625417288,0.006615470466600604,-0.7127411609166265,0.47800125707102453,733
924,-0.2645240472706045,-0.07666925276777481,-0.7246595456645706,0.4698870765370138,687
925,-0.3425189194348582,-0.1009821511194201,-0.856526182425669,0.46955430006277465,689
926,-0.4505985106605876,-0.1320460506443264,-0.8681023141996979,0.46431939641622133,682
927,0.28889475579578444,0.08342923940883251,-0.6069045143512521,0.4793830657853321,712
928,-0.19682986344542056,-0.05714141912593884,-0.7921085463409189,0.4726134585289515,680
929,-0.40299930341874973,-0.11558243651776601,-0.8058091026808266,0.46260213702074165,710
930,0.02014442226413066,0.005853197042352987,-0.7196462778226828,0.47293895531780994,687
931,-0.10136591595207113,-0.02952167964085539,-0.7934132822006115,0.48100470957613817,691
932,0.0638449649220685,0.018486084918143852,-0.522804391396769,0.4747252747252747,704
933,0.0785941547167784,0.02325090556146958,-0.530425590927201,0.4740810556079171,678
934,0.02709916307229676,0.007992319137300585,-0.7140421196549658,0.47937007874015747,698
935,-0.13001591107240407,-0.038166783333606236,-0.7378358147659976,0.4715498270983967,694
936,0.05635560580076282,0.01680079812540969,-0.646992034849836,0.4737007874015748,635
937,-0.24172569152215603,-0.07111638956431443,-0.7864730395057353,0.47548711502199875,676
938,-0.27976503230787586,-0.0810650417474359,-0.8427101939081093,0.4608613643508331,707
939,0.09879830237713537,0.029009107320448146,-0.7499623743086143,0.4808055380742605,697
940,0.1266607170984421,0.037133239365918724,-0.6114692486883261,0.4819125511167034,675
941,0.0565102389201034,0.016679095530309773,-0.5484229038731134,0.4784658912291732,644
942,-0.008560501733834226,-0.0024880714483026534,-0.8524515779804006,0.4770151133501259,682
943,-0.05307760009628311,-0.015329117654922952,-0.8794093842563165,0.47774294670846396,677
944,-0.08673078102363072,-0.02519936309097537,-0.546633011155637,0.48146984924623115,680
945,0.12481585407813858,0.03695722611185226,-0.5442218992259138,0.4877126654064272,670
946,0.2771675157268463,0.08133311786305009,-0.4841992428527423,0.47173366834170855,684
947,0.17194042448015306,0.050547158660146696,-0.6558708471122554,0.4846008799497172,668
948,0.0868467250937412,0.02533221894816995,-0.6827727458378758,0.48585795097423007,648
949,-0.4391164273466037,-0.1277833090788585,-0.8439358403089444,0.46781789638932497,715
950,-0.0038514002698938825,-0.0011499771653983304,-0.5684991080796475,0.4790551181102362,664
951,-0.2992291127265671,-0.08642416002737885,-0.8353767591767387,0.47839699436443334,711
952,0.06876848792883011,0.020305778081532555,-0.6074067560432468,0.4645323289391086,691
953,-0.019558909622291027,-0.0058261574692241025,-0.6489457093485193,0.47348603702541575,678
954,0.0509143384128013,0.014987923453274155,-0.5001485289188172,0.48177247014456315,672
955,-0.5281472001733479,-0.15508543530226682,-0.9203775114368592,0.4740810556079171,674
956,0.28798595899433865,0.08302739088454025,-0.5119080695524958,0.4913549198365294,697
957,-0.28192084674523965,-0.08083668550535772,-0.8146158974358424,0.47197732997481107,702
958,-0.17637403717533584,-0.05139261788466887,-0.7456860455955727,0.46163522012578617,701
959,-0.01704711207591004,-0.00493755999517087,-0.7175437100110118,0.48900062853551224,665
960,-0.11003450199316099,-0.03177747193370217,-0.711818056804508,0.47813777917584144,661
961,-0.3465186247989407,-0.10018441074952045,-0.845510053758474,0.4685336689741976,699
962,-0.25233672643623856,-0.07367259437490514,-0.8643922392041294,0.47225725094577553,662
963,-0.03524376722582622,-0.010206014816273479,-0.8185622334332758,0.47716535433070867,699
964,-0.09063815273471726,-0.026561294319368378,-0.7610774414515101,0.4800125904941769,695
965,-0.3521800282102395,-0.10272205868564221,-0.8167979067232201,0.46819178940770917,694
966,-0.18871940568999868,-0.05492111490069951,-0.7250732846580142,0.47641509433962265,707
967,-0.04350789199349378,-0.012517309618398809,-0.6179741556565289,0.47320302648171503,697
968,0.024999183379701473,0.007274926778376267,-0.6816787675520086,0.4769861286254729,662
969,-0.0696283261034467,-0.020248276241678798,-0.6681483418519288,0.4758469259723965,686
970,-0.3760284428388728,-0.11003550757349867,-0.8158302639963092,0.4792060491493384,668
971,0.4173291853917527,0.12394526692823371,-0.47566710182272876,0.49039974819011645,662
972,-0.21031986237210637,-0.06215810885521389,-0.8213320701147955,0.4643865704424223,693
973,-0.3198034825622059,-0.09207099850146294,-0.7952145696485013,0.46240956275558354,690
974,-0.09555491031226004,-0.028101869965167503,-0.6651520414571133,0.4766384446534964,665
975,-0.12043696580876653,-0.03535471119507794,-0.7474115892507558,0.4711992445703494,647
976,-0.02783327887638925,-0.008077322271772824,-0.5398727551641591,0.4778232148474363,667
977,-0.21118846644768524,-0.06168404500177982,-0.7931943807285526,0.472396486825596,679
978,-0.07045145669935152,-0.020363145381127046,-0.7761527937628809,0.46733668341708545,702
979,0.17390092003433824,0.05050803349552391,-0.4466049726262945,0.48194662480376765,695
980,-0.3050807949477485,-0.08868778642045327,-0.833341664407804,0.47016331658291455,682
981,-0.1977479325913645,-0.05670970450349577,-0.7240526927428977,0.47204773869346733,674
982,0.06987777691873247,0.020485437621875713,-0.49209287625313225,0.47878025778057215,675
983,-0.21666292338291246,-0.06347696634713784,-0.7831023134425545,0.47158555729984303,684
984,-0.0529205716956736,-0.015234526398284931,-0.6797424319033265,0.4811439346323067,718
985,-0.043640695221385625,-0.012614932755080521,-0.6430542623050928,0.47500785916378496,720
986,0.02867575443933787,0.008543851471722652,-0.8016454528272025,0.4822382898459604,680
987,0.12281511383064914,0.03553614508012637,-0.6998697481993466,0.49121155053358445,673
988,0.046482783832264736,0.0137397321285051,-0.6221033318719511,0.46773685867170284,675
989,-0.5068682313518748,-0.14802142027662002,-0.9095306929539697,0.46790434235368156,710
990,-0.04775519377123953,-0.013876815591900904,-0.6086486150173593,0.4779735682819383,687
991,-0.2349177195661697,-0.06682554668261165,-0.7775236834160182,0.4760112888052681,704
992,-0.048363213595809584,-0.014270614568357654,-0.5317745853869676,0.4661016949152542,706
993,-0.46287528835199887,-0.13322350835212493,-0.9148313675338607,0.46054699779943414,710
994,0.014714169008277024,0.0043134923556509275,-0.7082243807545994,0.47499213589178985,653
995,-0.12648103778423594,-0.0365832381049479,-0.5453584760574015,0.4748110831234257,674
996,-0.42695221782206705,-0.1237876925388619,-0.8862673881941223,0.47500785916378496,694
997,-0.4076647957373393,-0.11896791355111203,-0.8662316675838829,0.4702549575070821,696
998,-0.10567468905644303,-0.030763433250827865,-0.6150979964581815,0.4746616304689959,694
999,-0.22916220355999473,-0.06660143886016945,-0.81395625683056,0.4657232704402516,695
1000,-0.28791392921028697,-0.084960259577331,-0.8534499190251366,0.4677774284816096,695
